{"inputUnits":[34],"outputUnits":2,"inputs":{"0":{"dtype":"number","min":259.3769269798234,"max":310.02305891546354},"1":{"dtype":"number","min":73.41748034977309,"max":287.1023636905306},"2":{"dtype":"number","min":267.958556058114,"max":316.4334017212628},"3":{"dtype":"number","min":66.81774117096126,"max":284.73784210621494},"4":{"dtype":"number","min":252.46303446808753,"max":303.4195859436868},"5":{"dtype":"number","min":65.05432009929336,"max":286.15067985787493},"6":{"dtype":"number","min":275.75797008492094,"max":324.7049402307581},"7":{"dtype":"number","min":70.85580985680889,"max":279.1111508679901},"8":{"dtype":"number","min":241.61519636187634,"max":299.8272540741264},"9":{"dtype":"number","min":72.87437572813869,"max":280.245314406605},"10":{"dtype":"number","min":287.588011981451,"max":345.15980978923},"11":{"dtype":"number","min":100.55838504962287,"max":292.24875288400034},"12":{"dtype":"number","min":227.91963157133284,"max":320.67267776697463},"13":{"dtype":"number","min":97.1372224387602,"max":281.9708525600024},"14":{"dtype":"number","min":316.1658324600428,"max":388.4520413582785},"15":{"dtype":"number","min":43.739583571287156,"max":343.93987079345226},"16":{"dtype":"number","min":185.21618461980688,"max":342.2701428508201},"17":{"dtype":"number","min":50.75719346312286,"max":346.73661319368296},"18":{"dtype":"number","min":283.8342344644706,"max":392.3974817584597},"19":{"dtype":"number","min":8.881676508436883,"max":411.1348172609801},"20":{"dtype":"number","min":186.72342460290264,"max":320.929570188764},"21":{"dtype":"number","min":12.271120543600745,"max":401.71663964700974},"22":{"dtype":"number","min":286.45377056872866,"max":334.8910308302494},"23":{"dtype":"number","min":221.5210292585644,"max":381.6684560794347},"24":{"dtype":"number","min":236.48384317319992,"max":325.5114603321455},"25":{"dtype":"number","min":222.1810231943112,"max":361.30529258683407},"26":{"dtype":"number","min":288.2322856464349,"max":338.95433938991255},"27":{"dtype":"number","min":307.6916825143914,"max":396.70358044362206},"28":{"dtype":"number","min":233.44070404826084,"max":313.9394082707039},"29":{"dtype":"number","min":312.911139594184,"max":385.5551058228253},"30":{"dtype":"number","min":285.1501631411428,"max":335.6300945914047},"31":{"dtype":"number","min":402.54769308525215,"max":434.3951068008155},"32":{"dtype":"number","min":231.98346351787126,"max":312.1502483286123},"33":{"dtype":"number","min":374.5005542539481,"max":432.29351794742934}},"outputs":{"0":{"dtype":"string","min":0,"max":1,"uniqueValues":["u","d"],"legend":{"u":[1,0],"d":[0,1]}}},"isNormalized":true}