{"inputUnits":[34],"outputUnits":2,"inputs":{"0":{"dtype":"number","min":253.85664793018242,"max":286.64670650489614},"1":{"dtype":"number","min":155.11079189605414,"max":164.9036120438901},"2":{"dtype":"number","min":260.4143768816199,"max":293.7507876271625},"3":{"dtype":"number","min":145.55468226501583,"max":156.34103875411182},"4":{"dtype":"number","min":243.8878421894988,"max":279.56735830325596},"5":{"dtype":"number","min":147.87439297979105,"max":157.64412714491576},"6":{"dtype":"number","min":270.7247651157788,"max":305.4936572218034},"7":{"dtype":"number","min":149.57557306419804,"max":156.29110265661168},"8":{"dtype":"number","min":233.37007697330347,"max":267.0343475639239},"9":{"dtype":"number","min":153.22051050137821,"max":164.00459601865177},"10":{"dtype":"number","min":291.5976660061068,"max":324.6257587157727},"11":{"dtype":"number","min":179.75165378280548,"max":208.93358673036215},"12":{"dtype":"number","min":212.9845447800545,"max":247.29222942746404},"13":{"dtype":"number","min":179.55281560648717,"max":212.1591174625746},"14":{"dtype":"number","min":313.3478937279179,"max":343.7807692142955},"15":{"dtype":"number","min":118.18618268762182,"max":274.5286500570137},"16":{"dtype":"number","min":193.66369414747805,"max":222.95839930603145},"17":{"dtype":"number","min":134.0270567776864,"max":278.37364404986937},"18":{"dtype":"number","min":316.90207869918254,"max":357.5361261497929},"19":{"dtype":"number","min":62.37697906196698,"max":337.36593131201073},"20":{"dtype":"number","min":187.78165226094205,"max":235.75521309240983},"21":{"dtype":"number","min":57.510498522782655,"max":330.69031951487875},"22":{"dtype":"number","min":281.7171802483571,"max":312.07452963667305},"23":{"dtype":"number","min":318.9535812838965,"max":339.39975859361317},"24":{"dtype":"number","min":226.2090386284722,"max":256.50822689658713},"25":{"dtype":"number","min":315.7146862840559,"max":337.5577542191593},"26":{"dtype":"number","min":277.4118700826842,"max":306.2115871139437},"27":{"dtype":"number","min":414.6888667472854,"max":430.457964147973},"28":{"dtype":"number","min":241.65553845857318,"max":270.4215185451693},"29":{"dtype":"number","min":412.7369365729319,"max":429.37280725549766},"30":{"dtype":"number","min":276.6770137913278,"max":309.3346495749193},"31":{"dtype":"number","min":508.68314984713845,"max":526.0264215599491},"32":{"dtype":"number","min":245.30318529749937,"max":277.7123592146191},"33":{"dtype":"number","min":502.04279432984583,"max":524.5580798887137}},"outputs":{"0":{"dtype":"string","min":0,"max":1,"uniqueValues":["d","u"],"legend":{"d":[1,0],"u":[0,1]}}},"isNormalized":true}