{"inputUnits":[34],"outputUnits":2,"inputs":{"0":{"dtype":"number","min":253.92655519481755,"max":293.3427223964044},"1":{"dtype":"number","min":108.39808056926168,"max":129.84512120891964},"2":{"dtype":"number","min":261.18912590874567,"max":299.7898990043655},"3":{"dtype":"number","min":101.12126802143297,"max":122.47858415570175},"4":{"dtype":"number","min":245.37546853108248,"max":284.2325769019173},"5":{"dtype":"number","min":101.4189469186883,"max":122.7436763175979},"6":{"dtype":"number","min":269.8169730560124,"max":309.22325863010934},"7":{"dtype":"number","min":108.17565323084185,"max":126.72364352042214},"8":{"dtype":"number","min":234.67803508914702,"max":273.50852207830775},"9":{"dtype":"number","min":107.55466751187865,"max":128.68480660064876},"10":{"dtype":"number","min":282.6843178434911,"max":322.5908299496299},"11":{"dtype":"number","min":139.64605708800792,"max":179.00722860592845},"12":{"dtype":"number","min":210.45576545462504,"max":255.37255716602704},"13":{"dtype":"number","min":137.70061604460776,"max":174.7135375024747},"14":{"dtype":"number","min":299.17390853108486,"max":363.63416259051763},"15":{"dtype":"number","min":98.28401502345272,"max":241.07295149715787},"16":{"dtype":"number","min":164.87173455965217,"max":230.5814806248477},"17":{"dtype":"number","min":91.48878606904086,"max":237.19419349239115},"18":{"dtype":"number","min":302.0328109770955,"max":350.00267400611443},"19":{"dtype":"number","min":33.791662740428535,"max":299.7185710066708},"20":{"dtype":"number","min":168.46736379998933,"max":241.68406480934186},"21":{"dtype":"number","min":20.831460636726362,"max":293.9301923190408},"22":{"dtype":"number","min":270.7242570843613,"max":309.7824566638493},"23":{"dtype":"number","min":265.0784313655504,"max":290.0301142463907},"24":{"dtype":"number","min":212.11634347778082,"max":256.248318261338},"25":{"dtype":"number","min":262.77290329366167,"max":284.8945602803667},"26":{"dtype":"number","min":268.0967917637518,"max":313.73803330211376},"27":{"dtype":"number","min":370.54856923123776,"max":382.62924343057074},"28":{"dtype":"number","min":201.63110759058426,"max":245.9156915318896},"29":{"dtype":"number","min":369.1289129127071,"max":382.40793060838126},"30":{"dtype":"number","min":265.83930597435426,"max":313.55848702770925},"31":{"dtype":"number","min":474.86623068766744,"max":497.3662294978984},"32":{"dtype":"number","min":185.165666427761,"max":239.51510180042035},"33":{"dtype":"number","min":474.32751512434515,"max":499.31155913057376}},"outputs":{"0":{"dtype":"string","min":0,"max":1,"uniqueValues":["d","u"],"legend":{"d":[1,0],"u":[0,1]}}},"isNormalized":true}